SOCKS4,SOCKS5,HTTP,HTTPS
1.0.132.249:4153,5.11.17.230:1080,1.20.166.142:8080,3.215.177.148:49205
1.0.133.100:51327,5.39.93.167:20352,1.186.245.226:80,5.35.38.8:32132
1.0.149.73:4145,5.144.135.117:1080,1.186.245.226:1111,5.189.229.42:1081
1.4.195.114:4145,5.188.181.170:3080,5.16.0.77:1256,8.208.91.118:8800
1.9.27.217:4153,5.189.229.42:1080,5.134.221.58:41890,8.208.91.118:8081
1.9.164.242:35471,8.210.193.245:1080,14.160.29.90:8080,8.242.207.202:8080
1.9.167.36:60489,8.218.9.9:1080,14.160.32.23:8080,14.170.154.10:8080
1.20.95.95:5678,8.218.26.66:1080,14.192.2.161:83,14.241.225.134:8080
1.20.184.75:4153,24.249.199.4:4145,14.192.3.161:84,15.235.132.138:8080
1.20.220.79:4145,24.249.199.12:4145,24.43.140.138:8080,24.43.140.138:8080
1.32.57.85:5678,27.116.51.119:6667,31.43.52.176:41890,24.106.221.230:53281
1.32.59.217:31981,31.128.248.2:1080,31.131.67.14:8080,27.116.51.186:6666
1.55.241.4:4145,36.89.86.49:56845,31.161.38.233:8090,31.43.52.176:41890
1.83.154.28:4145,39.165.98.152:7302,36.66.16.193:8080,36.67.152.213:11111
1.179.130.201:4153,43.129.77.148:3001,36.66.172.121:39810,36.67.237.146:3128
1.179.147.5:52210,43.129.207.123:3001,36.66.242.148:43936,36.80.51.175:8080
1.179.148.9:36476,43.224.10.8:6667,36.67.2.169:46437,36.91.133.49:10000
1.179.151.165:31948,43.224.10.23:6667,36.67.52.35:8080,36.92.140.113:80
1.179.186.69:1080,43.224.10.27:6667,36.67.152.213:11111,36.93.2.50:8080
1.186.40.2:39651,43.224.10.30:6667,36.91.148.37:8080,36.95.54.114:8080
1.186.82.4:5678,43.224.10.33:6667,36.94.54.93:8080,36.95.81.251:41890
1.220.145.45:4145,43.224.10.43:6667,36.94.58.26:4480,36.95.116.69:41890
1.221.173.148:4145,43.224.10.46:6667,36.95.81.251:41890,37.139.26.54:3128
2.87.206.72:4145,43.224.10.57:6667,36.95.116.69:41890,38.123.68.152:999
2.183.8.145:4153,45.63.25.163:1080,36.95.147.251:8080,41.79.37.74:8585
2.197.124.172:4153,45.142.212.10:30003,36.255.86.114:84,41.94.107.2:8080
3.141.13.98:5678,46.19.141.98:9050,37.26.86.206:47464,41.180.106.6:8080
4.14.120.230:39593,47.101.176.176:10808,37.26.136.181:52271,43.245.93.193:53805
4.28.96.129:39593,47.102.134.140:22002,37.139.26.54:3128,43.249.224.174:84
5.1.104.66:33041,47.243.113.83:1080,37.210.75.39:8080,45.65.132.148:8080
5.22.154.50:32127,47.243.114.154:1080,38.91.107.116:8080,45.81.144.51:8080
5.39.93.167:26330,50.63.165.21:23859,41.33.86.242:8080,45.173.6.98:999
5.58.47.25:3629,51.68.37.227:13767,41.65.67.166:1976,45.174.70.18:53281
5.58.53.216:1085,51.79.53.179:1081,41.65.162.75:1976,45.174.249.21:999
5.83.93.133:4153,51.158.74.171:1080,41.79.37.74:8585,45.175.160.49:999
5.104.184.59:5678,51.222.12.245:10084,41.86.42.41:8080,45.176.95.100:999
5.130.72.170:5678,51.222.13.193:10084,41.180.106.6:8080,45.177.108.165:999
5.135.24.186:808,51.254.49.255:24829,41.190.147.158:54018,45.181.206.1:999
5.153.140.179:4145,52.28.99.91:1080,41.215.85.74:8080,45.189.113.111:999
5.172.188.93:5678,54.38.110.231:19417,41.220.125.198:8080,45.224.153.39:999
5.178.193.43:1080,54.38.110.231:48325,41.254.53.70:1976,45.226.185.2:8080
5.190.60.221:3629,54.38.242.224:30251,41.254.53.70:1981,45.230.172.11:8080
5.202.40.39:46190,58.18.36.61:7302,43.154.116.249:8118,45.231.220.67:999
8.17.28.139:39593,58.21.199.78:7302,43.224.10.30:6666,45.233.245.85:8083
8.39.228.5:39593,58.217.115.142:7302,43.224.10.43:6666,45.251.74.142:18080
8.39.228.33:39593,58.221.186.107:7302,43.224.10.57:6666,46.0.203.186:8080
8.39.228.113:39593,59.47.140.142:7302,43.225.67.35:53905,46.19.100.26:81
8.39.228.129:39593,60.10.10.171:7302,43.228.125.189:8080,46.52.180.194:8080
8.39.228.161:39593,60.12.77.43:7300,43.241.29.201:8080,46.99.205.2:8080
8.39.228.170:39593,60.165.35.64:7302,43.249.224.174:83,46.161.194.71:8080
8.40.133.10:1099,60.190.78.218:7302,43.252.10.146:2222,46.209.131.246:8080
8.42.68.69:39593,60.248.77.66:3000,45.64.11.97:8080,46.221.4.222:9090
8.42.68.93:39593,61.132.47.18:54191,45.64.122.210:47552,46.229.187.169:53281
8.42.68.97:39593,61.142.70.130:7300,45.70.201.176:999,47.88.7.115:3129
8.42.68.197:39593,61.178.88.109:7302,45.71.203.103:999,47.115.156.64:3128
8.42.69.93:39593,61.182.207.98:7302,45.120.216.98:12345,49.0.39.186:8080
8.42.69.101:39593,62.113.115.94:16072,45.160.74.1:999,50.192.250.60:8080
12.11.59.114:1080,64.227.53.22:9050,45.161.115.112:999,51.158.74.171:1081
12.158.87.26:39593,67.201.33.10:25283,45.169.148.21:999,54.36.180.244:1081
12.216.103.114:39072,67.210.146.50:11080,45.173.103.50:80,60.211.218.78:53281
12.218.209.130:13326,68.71.249.153:48606,45.175.160.34:999,61.216.156.222:60808
12.228.137.37:32307,69.163.252.140:1080,45.175.160.49:999,62.75.236.132:5566
13.58.88.184:5678,72.195.34.41:4145,45.177.109.219:999,62.138.7.104:5566
13.58.223.158:5678,72.195.34.42:4145,45.182.240.73:3128,62.182.114.164:60731
14.99.212.242:5678,72.195.34.58:4145,45.186.226.3:8080,63.151.67.7:8080
14.99.214.169:5678,72.195.34.59:4145,45.190.79.160:999,64.17.30.238:63141
14.102.78.67:4145,72.195.114.169:4145,45.201.136.87:8080,65.18.114.254:55443
14.102.101.254:4153,72.195.114.184:4145,45.224.119.10:999,66.94.97.238:443
14.165.193.196:5678,72.206.181.103:4145,45.224.119.16:999,66.94.120.161:443
14.181.7.187:5678,72.206.181.123:4145,45.224.153.39:999,69.63.73.171:53281
14.224.172.179:5678,72.210.208.101:4145,45.225.184.233:999,69.75.140.157:8080
14.232.160.252:10801,72.210.252.137:4145,45.229.162.146:55443,77.236.236.44:8080
14.241.170.106:5678,72.217.216.239:4145,45.231.220.67:999,77.236.238.33:1256
14.241.182.44:5678,72.221.172.203:4145,45.233.244.140:8083,78.37.24.148:8080
14.241.241.185:4145,72.221.232.155:4145,46.161.195.102:1976,78.38.100.121:8080
18.216.32.60:5678,75.119.197.10:1080,46.221.4.222:9090,78.84.14.122:53281
18.216.72.10:5678,79.143.30.163:55418,46.243.220.101:8118,79.143.30.163:8080
24.37.138.6:4145,85.172.31.16:33427,47.88.7.115:3129,80.244.229.102:10000
24.37.221.246:4145,91.134.139.238:3080,47.115.156.64:3128,83.220.35.174:41890
24.37.245.42:51056,91.210.176.104:1088,49.51.138.111:8118,85.25.4.28:5566
24.74.26.164:39593,95.0.206.51:10820,50.195.227.153:8080,85.25.72.91:5566
24.88.66.70:64312,96.9.71.19:33427,50.233.42.98:51696,85.25.91.155:5566
24.177.76.70:31008,96.9.88.190:33427,51.68.82.156:8118,85.25.91.156:5566
24.203.247.55:5678,97.74.80.13:1080,54.36.180.244:1081,85.25.91.161:5566
24.234.142.118:31008,98.162.25.23:4145,58.27.233.34:8080,85.25.93.136:5566
24.234.142.122:31008,98.162.96.41:4145,60.250.159.191:45983,85.25.95.231:5566
24.249.199.4:4145,98.162.96.52:4145,61.7.195.194:8080,85.25.100.47:5566
24.249.199.12:4145,98.170.57.231:4145,61.164.39.68:53281,85.25.117.134:5566
27.42.168.46:61308,98.175.31.195:4145,62.3.30.22:8080,85.25.117.171:5566
27.72.73.143:4153,98.188.47.132:4145,62.27.108.174:8080,85.25.118.155:5566
27.116.51.186:6667,98.188.47.150:4145,62.75.219.49:5566,85.25.119.98:5566
27.147.131.219:50391,101.71.121.196:7302,62.75.229.51:5566,85.25.119.113:5566
27.147.144.122:4153,103.80.118.242:51080,62.75.229.77:5566,85.25.119.241:5566
27.147.217.194:51873,103.120.135.229:33427,62.75.229.165:5566,85.25.195.177:5566
27.147.241.134:10800,103.159.221.135:5678,62.138.3.122:5566,85.25.196.218:5566
31.14.124.62:4145,103.208.12.39:7302,62.138.3.125:5566,85.25.199.50:5566
31.43.63.70:4145,103.209.64.19:6667,62.138.7.104:5566,85.25.199.122:5566
31.134.75.174:5678,103.250.166.12:6667,62.201.212.214:8080,85.25.201.22:5566
31.172.133.253:4153,103.251.225.16:6667,62.201.217.194:8080,85.25.208.212:5566
31.173.218.45:10808,107.189.14.245:32762,65.20.191.201:41890,85.25.226.242:5566
31.173.251.198:40547,109.72.231.37:1080,66.94.120.161:443,85.25.235.82:5566
31.200.230.86:4145,112.5.101.162:7302,67.73.184.178:8081,85.25.242.142:5566
31.206.38.50:37630,112.6.128.165:7300,67.73.188.138:999,85.25.246.206:5566
31.209.96.173:51688,112.54.33.47:7302,68.208.51.61:8080,86.110.27.165:3128
31.210.225.135:4153,112.86.116.17:1080,71.25.47.187:8080,88.255.101.230:8080
36.37.71.84:5430,113.107.139.199:7302,72.47.152.224:55443,89.208.35.81:3128
36.37.104.99:34040,115.89.177.92:1081,73.20.41.245:8118,91.186.102.169:8082
36.37.107.210:4153,115.159.65.66:7300,74.114.232.162:8080,91.221.240.254:1515
36.37.202.62:5678,115.238.99.174:7302,75.119.197.219:1081,91.231.233.124:11712
36.66.36.252:4153,116.212.152.95:33427,77.38.21.239:8080,91.234.127.222:53281
36.66.170.25:4153,117.131.253.166:7302,77.52.187.199:10000,93.185.123.154:3128
36.66.192.35:38420,117.156.203.11:7302,77.70.35.87:37475,94.74.104.163:8118
36.66.203.163:5678,117.173.6.85:7302,77.236.236.44:8080,94.181.48.110:1256
36.67.14.5:5678,118.183.188.88:7300,77.236.238.33:1256,94.228.207.86:8087
36.67.27.189:49524,119.8.27.130:1080,77.236.243.39:1256,95.0.168.42:1981
36.67.88.77:4153,123.7.81.157:7302,77.236.243.69:1256,95.0.168.58:1976
36.67.199.163:5678,123.183.174.69:7302,78.29.36.210:9080,95.171.5.144:1256
36.67.251.85:5678,124.67.161.108:7302,78.128.124.9:50246,96.9.72.180:46487
36.67.251.163:5678,124.107.231.82:1080,78.186.85.159:10001,103.7.27.186:8080
36.71.150.135:5678,124.107.231.83:1080,78.186.99.214:10001,103.11.106.167:8181
36.78.210.176:4145,125.141.139.55:5566,79.101.55.161:53281,103.28.86.241:61954
36.80.36.57:30874,129.146.18.152:20000,79.104.25.218:8080,103.28.225.28:8080
36.84.59.53:4145,136.228.131.236:33427,79.137.81.229:1081,103.55.48.206:8080
36.89.10.51:44268,136.243.9.13:56789,80.243.158.6:8080,103.65.214.83:8080
36.89.246.187:4145,137.184.136.135:3785,82.147.118.164:8080,103.68.207.34:81
36.91.45.10:51299,137.184.192.197:54950,83.12.128.42:8080,103.70.79.3:8080
36.91.106.159:5678,138.68.18.219:9050,83.166.241.233:3130,103.78.170.13:83
36.91.190.61:5678,138.68.26.14:1080,83.218.168.103:80,103.80.240.51:8080
36.92.9.75:49420,138.68.51.109:9050,83.238.80.17:8081,103.86.187.242:23500
36.92.77.241:5678,138.197.193.107:9050,83.238.80.30:8081,103.100.84.22:8080
36.92.96.178:5678,139.162.100.214:21586,84.53.247.204:53281,103.103.3.6:8080
36.94.185.202:4673,139.227.75.215:1088,85.25.4.28:5566,103.104.183.26:84
36.94.253.127:5678,142.93.162.127:10051,85.25.91.155:5566,103.107.71.192:1080
36.95.84.225:5678,143.248.55.62:5566,85.25.91.156:5566,103.110.90.250:8080
36.95.154.11:5678,144.22.251.99:1080,85.25.91.161:5566,103.116.203.242:43520
36.95.154.43:5678,144.126.142.41:18352,85.25.93.136:5566,103.124.97.11:8080
36.95.189.165:5678,144.217.7.124:17029,85.25.95.117:5566,103.124.136.90:63123
36.95.210.67:5678,146.56.150.59:3129,85.25.99.106:5566,103.124.138.131:8085
36.95.245.81:5678,146.59.229.94:50719,85.25.100.47:5566,103.124.226.61:3127
37.17.53.108:3629,147.135.112.67:3081,85.25.108.234:5566,103.139.47.250:8080
37.26.86.206:4145,147.135.112.67:3080,85.25.117.134:5566,103.139.243.89:84
37.26.136.181:39323,149.202.189.147:30630,85.25.117.171:5566,103.140.188.61:8085
37.26.136.224:4153,159.65.106.43:9050,85.25.119.241:5566,103.142.21.197:8080
37.131.164.39:59341,159.65.106.46:9050,85.25.132.27:5566,103.143.196.50:8080
37.131.164.48:59341,159.65.106.51:9050,85.25.133.28:5566,103.145.151.130:8080
37.131.164.93:59341,162.144.105.150:44316,85.25.139.22:5566,103.146.30.178:8080
37.131.164.94:59341,162.241.55.222:1080,85.25.155.103:5566,103.147.43.255:8080
37.152.160.42:4153,163.172.189.73:18362,85.25.195.177:5566,103.148.2.82:8181
37.205.81.41:4145,165.154.72.88:33995,85.25.196.76:5566,103.148.39.38:83
37.235.24.166:5678,167.71.39.152:38343,85.25.198.20:5566,103.148.39.50:83
37.238.132.242:5678,167.86.94.170:1080,85.25.198.22:5566,103.149.240.22:8080
37.252.86.97:5678,167.172.155.178:54484,85.25.208.198:5566,103.150.226.118:8080
38.83.108.88:5678,173.212.240.33:25975,85.25.226.242:5566,103.152.93.218:8181
38.83.108.89:5678,173.212.241.156:1080,85.25.235.82:5566,103.155.54.73:83
38.83.108.90:5678,173.249.33.122:35299,85.25.235.229:5566,103.155.54.73:84
38.113.171.1:31596,173.249.33.122:14047,85.25.242.142:5566,103.156.17.63:8181
38.133.200.94:31596,174.64.199.79:4145,85.25.246.206:5566,103.156.17.123:8181
38.140.231.10:8841,174.64.199.82:4145,85.214.71.122:8118,103.156.70.26:8089
38.142.63.146:31596,174.75.211.222:4145,85.217.192.39:1414,103.156.145.57:82
41.65.3.8:4153,174.77.111.196:4145,85.235.184.186:3129,103.159.46.9:84
41.71.63.22:5678,174.77.111.197:4145,87.76.1.69:8080,103.159.46.9:82
41.79.236.164:1080,176.117.237.132:1080,87.249.6.137:8082,103.159.46.34:83
41.139.147.86:5678,178.33.192.51:25201,88.199.164.141:8081,103.159.68.147:8080
41.149.135.34:1080,180.167.161.166:7302,88.255.101.230:8080,103.159.90.14:84
41.160.6.186:59881,180.167.238.98:7302,88.255.101.231:8080,103.159.90.14:83
41.160.238.106:5678,184.178.172.14:4145,88.255.185.254:8080,103.159.90.22:84
41.161.61.178:5678,184.181.217.210:4145,89.171.41.90:6969,103.159.196.215:1085
41.170.12.92:49142,184.185.2.190:4145,90.145.29.38:8080,103.161.164.107:8181
41.174.184.222:5678,185.200.38.228:10820,91.209.114.17:6789,103.161.165.2:8181
41.180.70.2:4153,185.207.205.134:8001,91.214.31.234:8080,103.161.178.79:9999
41.190.69.110:4145,188.124.36.60:1080,91.231.233.124:11712,103.161.178.98:9999
41.193.242.70:4153,192.111.129.145:16894,92.80.1.202:8082,103.161.178.99:9999
41.215.74.26:5678,192.111.130.2:4145,93.145.17.218:8080,103.172.70.18:8080
41.216.68.254:5678,192.111.130.5:17002,93.153.95.186:56603,103.205.183.18:55443
41.222.62.41:5678,192.111.135.17:18302,93.185.123.154:3128,103.213.116.10:8080
41.242.66.74:5678,192.111.135.18:18301,94.23.77.8:3128,103.217.213.125:55443
42.236.253.234:1080,192.111.137.34:18765,94.228.192.197:8087,103.234.252.54:63123
43.224.10.39:6667,192.111.137.35:4145,94.242.10.42:10006,103.254.185.195:53281
43.224.10.42:6667,192.111.137.37:18762,94.242.10.42:10001,105.174.40.54:8080
43.225.163.209:4153,192.111.138.29:4145,95.0.168.58:1981,109.86.152.78:55443
43.228.112.25:5678,192.111.139.163:19404,95.31.5.29:54651,109.95.32.145:8080
43.229.252.73:5678,192.111.139.165:4145,95.171.5.144:1256,109.167.40.92:8080
43.243.204.106:35805,192.252.208.70:14282,96.30.79.84:8080,109.200.156.102:8080
43.248.25.6:4145,192.252.211.197:14921,98.115.7.156:8080,109.235.189.217:8080
43.250.80.138:1080,192.252.215.5:16137,98.154.21.253:3128,110.232.64.88:8080
43.255.22.10:5678,192.252.220.92:17328,101.71.154.251:1081,110.232.66.209:808
45.5.152.72:1080,193.56.146.206:1080,101.133.231.6:80,111.23.16.250:3128
45.6.228.178:4145,195.2.71.201:16072,102.141.197.17:8080,112.6.230.69:9999
45.7.56.177:4153,198.8.94.170:4145,103.1.93.105:63141,113.11.16.212:7878
45.7.56.226:4153,198.8.94.170:39074,103.1.104.14:8080,113.177.48.183:19132
45.7.176.42:39867,198.8.94.174:39078,103.4.164.205:8080,116.0.4.54:8080
45.7.176.226:52246,202.109.183.139:7302,103.11.106.8:8181,117.4.139.104:8080
45.7.176.232:52246,203.217.169.85:33427,103.14.198.105:83,118.67.219.153:8080
45.7.176.237:52246,206.189.251.0:33335,103.14.199.192:84,118.127.99.93:53281
45.7.176.241:52246,207.188.180.35:9999,103.17.246.150:8080,118.163.13.200:8080
45.7.177.185:39867,211.136.100.154:7302,103.18.77.242:8080,118.172.201.216:8080
45.7.177.196:39867,218.64.122.99:7302,103.19.58.158:3127,119.252.171.50:8080
45.7.177.234:39867,218.69.108.60:7302,103.21.163.76:6666,120.71.147.244:8901
45.7.177.250:39867,218.88.241.10:7302,103.25.192.202:8181,121.156.109.108:8080
45.7.210.198:4153,221.218.245.146:7300,103.28.225.28:8080,124.83.74.218:8080
45.67.229.101:30001,222.74.65.122:7302,103.31.235.102:8080,124.158.167.242:8080
45.67.229.101:30003,222.78.4.78:7300,103.37.141.69:80,125.25.206.28:8080
45.70.0.129:4145,222.88.201.188:7302,103.39.49.12:80,125.99.100.49:40390
45.70.0.137:4145,222.223.124.205:7302,103.47.64.85:8080,128.0.179.234:41258
45.81.131.242:8888,222.243.161.34:7302,103.48.68.34:83,134.19.254.2:21231
45.112.0.34:4145,223.65.208.62:7300,103.59.176.154:8080,136.185.15.104:8080
45.112.1.161:4145,223.68.180.94:7302,103.73.102.174:60080,136.232.116.2:48976
45.116.114.18:5678,223.94.35.3:7302,103.80.83.48:3127,138.121.113.182:999
45.117.98.97:5678,,103.81.214.254:83,138.219.216.146:999
45.117.228.65:4145,,103.100.84.23:8080,139.255.101.90:8080
45.117.228.153:4145,,103.106.219.77:8080,143.248.55.62:8118
45.118.33.47:5678,,103.107.71.192:1080,149.28.95.93:8080
45.118.35.129:5678,,103.123.64.24:8888,150.129.171.35:30093
45.120.126.10:32525,,103.123.64.234:3128,152.200.138.122:999
45.121.111.1:4145,,103.124.87.1:8080,152.231.25.58:8080
45.122.44.17:5678,,103.124.137.40:8080,154.72.67.190:8080
45.122.45.49:5678,,103.125.56.15:3127,157.90.143.147:8080
45.125.222.125:47239,,103.129.3.246:83,157.90.167.209:1081
45.127.120.178:5678,,103.133.24.97:8181,157.245.199.35:1081
45.130.97.114:5678,,103.134.98.33:81,158.69.53.132:9300
45.136.247.107:51893,,103.134.99.17:82,158.69.72.138:9300
45.142.212.10:30003,,103.135.226.6:8181,160.3.168.70:8080
45.160.221.161:5678,,103.142.21.197:8080,160.154.165.64:8080
45.162.44.10:51776,,103.143.196.50:8080,161.49.212.173:1337
45.162.226.113:59341,,103.144.18.74:8080,162.219.119.225:8080
45.162.227.129:59341,,103.145.35.30:8181,162.241.55.222:1081
45.163.18.92:5678,,103.148.39.38:82,165.16.22.150:9999
45.166.26.25:53695,,103.150.226.118:8080,165.16.27.13:1981
45.166.246.5:4153,,103.151.22.5:8080,165.16.27.14:1976
45.168.15.80:4153,,103.152.93.218:8181,167.172.239.13:3128
45.168.15.129:4153,,103.152.100.233:8080,168.196.215.16:9999
45.168.15.194:4153,,103.152.232.179:8080,170.79.12.66:9090
45.170.46.49:3629,,103.153.40.38:8080,170.80.49.160:8080
45.172.135.230:4145,,103.153.232.241:8080,170.80.49.163:8080
45.172.177.1:59341,,103.154.24.18:8080,170.245.132.4:999
45.172.225.45:4153,,103.154.230.58:8080,170.254.224.7:55443
45.173.143.29:50958,,103.156.17.35:8181,175.101.14.121:83
45.174.71.1:1080,,103.156.75.38:8080,175.103.39.179:63123
45.174.161.4:5678,,103.156.145.49:83,176.31.129.223:8080
45.174.161.6:5678,,103.156.218.232:8080,176.36.20.67:61935
45.175.179.3:4145,,103.158.121.79:8080,176.98.95.105:32018
45.179.79.76:5678,,103.159.46.17:82,176.214.99.101:1256
45.179.228.104:1080,,103.159.46.25:83,176.235.99.12:9090
45.182.115.101:4153,,103.159.46.121:83,176.235.139.34:10001
45.182.115.126:4153,,103.159.47.34:83,177.73.16.74:55443
45.182.115.129:4153,,103.159.68.147:8080,177.73.112.63:9090
45.187.76.2:3629,,103.159.90.22:84,177.93.50.5:999
45.187.87.115:4145,,103.159.90.42:83,177.93.50.146:999
45.191.105.189:1080,,103.160.201.192:8080,177.93.50.234:999
45.201.134.130:5678,,103.161.164.105:8181,177.101.55.34:9090
45.201.204.29:5678,,103.161.178.57:9999,177.126.151.162:8081
45.226.0.17:4153,,103.163.193.97:83,177.128.115.160:999
45.228.96.34:33406,,103.164.112.124:10001,177.242.148.14:999
45.232.249.62:4145,,103.167.109.151:8080,177.242.151.131:8080
45.234.100.112:1080,,103.168.164.26:82,178.210.129.150:1234
45.236.185.1:4153,,103.174.4.115:8080,178.252.175.4:8080
45.236.209.41:4153,,103.197.206.17:8080,178.252.184.142:8080
45.237.240.54:44405,,103.207.3.6:83,179.1.91.37:999
45.238.57.1:3629,,103.208.200.115:23500,179.51.136.25:8080
45.249.48.201:4153,,103.213.105.190:8080,180.178.111.220:8080
45.249.78.193:3629,,103.213.213.18:83,180.180.170.188:8080
45.249.79.190:3629,,103.213.213.22:83,180.193.213.42:8080
45.249.101.4:56457,,103.216.82.19:6666,180.210.184.226:8080
45.250.65.188:5678,,103.221.254.102:48146,180.211.193.130:3127
46.0.126.10:41890,,103.227.141.90:8181,180.211.248.222:8080
46.23.141.142:5678,,103.233.156.45:8080,180.250.102.194:8080
46.23.155.18:62638,,103.235.34.130:3888,181.10.123.154:999
46.28.72.66:4153,,103.241.227.100:6666,181.40.115.102:999
46.28.75.214:4145,,105.112.134.209:8080,181.49.231.246:9991
46.29.118.215:4153,,105.112.135.59:8080,181.78.15.105:999
46.35.249.189:49795,,105.174.40.54:8080,181.78.18.25:999
46.36.70.104:1080,,105.235.222.2:8080,181.114.192.1:3128
46.98.185.160:5678,,109.86.152.78:55443,181.129.172.108:6969
46.99.177.91:3629,,109.127.82.126:8080,181.143.235.99:12345
46.101.5.73:47521,,109.194.101.128:3128,181.188.156.171:3128
46.101.5.73:48528,,109.235.189.217:8080,181.196.241.198:9100
46.101.5.73:45775,,109.238.222.5:40387,181.198.40.117:999
46.107.230.122:1080,,110.164.87.80:35844,181.209.77.130:8080
46.151.150.6:5678,,110.168.213.89:8080,181.209.105.154:8080
46.160.90.81:5678,,110.232.64.89:8080,182.18.179.129:83
46.173.35.229:3629,,113.87.162.33:8118,182.23.79.162:39902
46.174.56.21:5678,,113.190.232.222:8080,182.23.104.237:8080
46.174.215.33:80,,114.79.146.137:8080,182.34.137.1:25624
46.188.2.42:5678,,114.113.226.88:7890,182.34.254.39:25624
46.188.82.11:54136,,115.74.213.139:8080,182.253.6.236:8080
46.188.82.63:4153,,115.79.208.56:38351,182.253.82.155:8080
46.209.47.3:1081,,115.124.85.20:8080,182.253.93.4:53281
46.209.118.54:5678,,116.254.116.234:8080,182.253.107.212:8080
46.214.93.157:5678,,117.20.216.218:8080,182.253.108.186:8080
46.225.241.19:4145,,117.54.130.66:53281,182.253.191.132:8080
46.227.37.41:1088,,117.102.81.6:53281,182.253.192.226:8080
46.227.37.145:1088,,118.70.12.171:53281,183.89.63.56:8080
46.227.162.98:33802,,119.2.41.85:8080,183.240.14.171:10011
47.96.102.110:1080,,119.2.41.201:8080,185.3.214.3:80
47.243.84.95:27831,,119.82.24.56:2020,185.17.134.149:45984
49.156.38.126:5678,,119.82.24.56:2025,185.20.198.108:8080
49.156.42.188:5678,,119.82.239.37:8080,185.58.18.7:8080
49.156.152.6:5678,,119.110.209.94:3128,185.61.94.65:61616
49.206.195.204:5678,,121.37.192.165:808,185.82.96.21:9091
49.229.32.173:4153,,121.156.109.108:8080,185.82.96.138:9091
49.229.36.170:4153,,122.3.41.154:8090,185.82.98.42:9091
49.229.36.210:4153,,122.102.43.50:8080,185.127.224.60:41890
50.47.75.214:5678,,123.18.226.54:19132,185.128.104.81:8080
50.47.75.215:5678,,123.200.26.214:8080,185.128.104.145:8080
50.84.203.99:5678,,123.231.221.178:8080,185.143.42.54:8080
50.197.210.138:32100,,124.158.168.22:8080,185.222.123.98:3128
50.236.148.246:31699,,125.25.82.190:8080,185.255.46.121:8080
50.236.148.254:31699,,125.62.198.65:83,186.3.9.212:999
50.242.100.89:32100,,125.163.160.41:8080,186.3.38.200:999
50.250.205.21:32100,,134.249.240.5:8080,186.3.38.201:999
51.68.37.227:29595,,138.117.84.240:999,186.47.83.126:80
51.91.148.110:20261,,138.219.216.146:999,186.96.158.213:999
51.222.200.50:1080,,139.5.151.182:63123,186.97.156.130:999
51.254.162.207:5678,,139.255.77.74:8080,186.218.119.183:8080
51.255.71.43:1080,,139.255.89.242:8080,186.248.89.6:5005
54.36.180.244:1080,,139.255.94.123:39635,186.250.162.166:8080
54.36.230.214:1080,,143.248.55.62:8118,187.190.226.235:9991
54.38.110.231:19417,,146.196.110.246:8080,187.190.226.235:999
54.38.163.25:5678,,147.75.113.227:8080,187.216.90.46:53281
58.18.43.34:10800,,147.135.134.57:5566,188.43.15.89:8080
58.32.206.226:58404,,147.135.134.57:9300,188.94.227.161:8080
58.84.31.62:5678,,150.107.137.25:8080,188.133.153.143:8080
58.215.218.170:10800,,151.22.181.213:8080,188.133.157.61:10000
58.246.245.122:4153,,152.169.106.145:80,188.138.89.29:5566
59.31.90.206:4145,,152.200.138.119:999,188.138.89.50:5566
59.152.104.138:32075,,152.204.134.65:999,188.138.106.93:5566
60.241.231.114:4153,,152.231.27.33:60080,188.138.106.143:5566
60.248.77.66:3000,,154.117.159.228:8080,188.138.106.158:5566
61.141.21.34:1080,,157.100.56.178:999,188.163.170.130:41209
61.183.87.194:5678,,157.230.40.79:8080,188.168.56.82:55443
61.247.25.57:4145,,157.245.199.35:1081,189.33.20.88:8080
61.247.180.182:10800,,158.255.254.2:3128,189.51.4.254:45367
62.4.51.9:5678,,159.65.69.186:9300,190.7.58.55:3128
62.56.138.9:10801,,159.192.131.178:8080,190.60.104.218:3128
62.152.73.82:44139,,160.119.128.102:21213,190.61.46.15:8080
62.183.2.75:3629,,160.154.48.46:8080,190.83.119.193:999
62.201.220.50:60212,,160.154.123.227:8080,190.110.99.98:999
62.205.17.39:1080,,161.22.34.100:999,190.112.137.81:8085
62.244.227.65:4153,,162.241.55.222:1081,190.113.40.26:999
64.27.10.80:32688,,165.16.27.4:1981,190.113.41.66:999
64.124.145.1:1080,,165.16.27.12:1981,190.119.195.34:8080
64.124.191.98:32688,,165.16.54.233:80,190.152.5.126:53040
64.139.79.35:54321,,165.16.60.1:8080,190.171.168.90:999
65.20.187.60:5678,,167.114.96.27:9300,190.217.14.110:999
65.49.67.161:48324,,167.172.173.210:44541,190.217.14.126:999
66.76.140.239:39593,,167.172.173.210:38959,190.217.14.173:999
66.118.198.247:54321,,167.172.239.13:3128,190.226.32.218:8090
66.181.164.125:4673,,168.232.84.139:8080,191.97.17.57:999
67.73.141.150:5678,,170.79.88.93:999,191.97.19.126:999
67.201.33.9:25280,,170.83.108.65:8080,192.162.193.243:36910
67.201.33.10:25283,,170.245.56.195:999,193.164.131.202:7890
67.204.3.1:13135,,171.97.15.46:8080,194.114.128.149:61213
69.75.122.146:39593,,171.103.58.122:8080,194.181.141.1:8080
70.60.96.154:5678,,173.197.167.242:8080,194.233.69.38:443
70.60.230.193:32940,,175.100.72.95:57938,194.233.69.41:443
70.90.67.137:54321,,175.101.120.146:8080,194.233.69.90:443
70.90.67.140:54321,,175.106.10.227:7878,194.233.69.126:443
70.127.78.92:5678,,175.111.129.156:8080,194.233.73.103:443
70.185.95.177:39593,,176.31.129.223:8080,194.233.73.104:443
71.69.154.60:10019,,176.67.0.242:8080,194.233.73.109:443
71.167.56.3:5678,,176.214.35.132:8080,195.138.73.54:44017
72.195.34.41:4145,,176.214.97.55:1256,195.170.38.230:8080
72.195.34.42:4145,,176.222.63.241:8080,195.211.219.147:5555
72.195.34.58:4145,,176.222.63.242:8080,196.0.111.194:34638
72.195.34.59:4145,,176.241.89.244:53583,200.25.254.193:54240
72.195.114.169:4145,,177.10.203.157:8080,200.26.190.203:999
72.195.114.184:4145,,177.20.182.158:8080,200.54.101.222:999
72.206.181.103:4145,,177.39.136.163:8080,200.58.170.65:999
72.206.181.123:4145,,177.47.181.41:8080,200.101.66.170:8080
72.210.208.101:4145,,177.54.226.50:60080,200.111.239.66:8080
72.210.252.137:4145,,177.86.201.22:8080,200.125.171.200:9991
72.217.216.239:4145,,177.93.33.188:8080,200.151.165.214:23500
72.221.172.203:4145,,177.124.184.52:8080,201.20.110.35:666
72.221.232.155:4145,,177.128.115.160:999,201.77.110.1:999
72.252.4.146:4145,,177.129.11.150:8080,201.89.97.222:8080
74.56.228.180:4145,,177.183.234.110:80,201.91.82.155:3128
74.62.23.242:39593,,177.220.226.122:50151,201.149.100.32:8085
74.94.219.213:5678,,177.242.151.143:8080,201.174.104.222:999
75.110.183.47:33150,,177.250.95.102:8080,201.184.107.26:999
75.119.197.201:62110,,178.46.181.154:3128,201.184.145.58:999
75.119.197.219:1080,,178.66.182.76:3128,201.219.11.206:999
75.176.225.10:33150,,178.168.88.199:8080,201.219.194.177:19151
76.26.114.253:39593,,178.252.175.22:8080,202.57.2.19:8080
77.43.59.66:1080,,178.252.175.26:8080,202.131.234.194:8080
77.46.138.153:33608,,179.48.94.5:8080,202.150.150.210:8080
77.65.131.188:4145,,179.61.229.164:999,202.152.39.146:80
77.82.187.79:5678,,180.193.216.213:8080,202.153.233.228:8080
77.89.201.70:5678,,180.193.222.138:8080,202.159.101.45:8088
77.89.251.138:4145,,180.210.184.226:8080,202.164.152.229:8080
77.104.75.97:5678,,180.211.248.222:8080,202.180.20.10:55443
77.108.78.20:48079,,180.250.252.221:8080,203.76.114.197:8080
77.120.163.103:42208,,181.10.160.157:8080,203.112.223.126:8080
77.235.28.229:4153,,181.40.115.102:999,203.170.209.7:8081
77.242.1.101:5678,,181.57.192.246:999,203.190.44.10:3127
77.252.26.70:10801,,181.74.81.195:999,203.217.169.100:6969
78.38.0.130:4153,,181.129.183.19:53281,204.195.136.34:80
78.38.16.172:5678,,181.129.201.170:999,204.199.119.75:8080
78.61.27.207:5678,,181.196.241.198:9100,205.201.49.132:53281
78.108.246.93:5678,,181.209.77.130:8080,212.89.188.115:21231
78.128.124.9:60536,,181.209.105.154:8080,212.174.242.114:8080
78.128.124.108:5678,,181.209.105.157:8080,213.5.190.194:41890
78.130.211.102:3629,,181.224.162.197:999,213.6.199.94:49044
78.133.186.5:4153,,182.16.163.202:3128,217.21.214.138:8080
78.140.195.66:3629,,182.23.35.242:8080,220.247.171.242:8080
78.158.160.137:60003,,182.23.79.162:39902,223.27.194.66:63141
79.61.231.8:4153,,182.23.104.237:8080,223.29.199.144:55443
79.106.246.174:4145,,182.160.108.188:8090,
79.111.15.94:3629,,182.160.109.145:8080,
79.124.72.199:4153,,182.253.105.123:8080,
79.137.34.27:42565,,182.253.186.139:8080,
79.137.34.146:4672,,182.253.189.244:8080,
79.137.81.229:1080,,183.88.194.123:8080,
79.175.109.217:4145,,183.88.212.184:8080,
80.28.208.113:10801,,183.88.220.1:8080,
80.65.28.57:30924,,183.88.232.207:8080,
80.80.164.164:10801,,183.89.12.116:8080,
80.82.147.3:4153,,183.89.63.56:8080,
80.82.147.5:4153,,183.247.152.98:53281,
80.85.98.110:5678,,185.17.132.15:2536,
80.89.137.210:4145,,185.61.94.65:61616,
80.89.137.214:4145,,185.61.247.60:8080,
80.92.227.185:5678,,185.82.99.150:9091,
80.191.40.41:5678,,185.103.168.76:8080,
80.191.169.81:4145,,185.132.250.41:8080,
80.254.185.73:1080,,185.143.42.54:8080,
81.12.104.34:3629,,185.199.84.161:53281,
81.12.169.254:4153,,185.255.47.59:8080,
81.16.9.222:3629,,186.1.206.158:3128,
81.17.81.34:4145,,186.3.38.202:999,
81.23.3.237:3629,,186.3.85.131:999,
81.26.201.251:4153,,186.67.192.246:8080,
81.89.69.37:4153,,186.96.111.178:999,
81.91.157.134:5678,,186.103.130.91:8080,
81.134.144.161:1099,,186.103.130.93:8080,
81.163.36.210:42967,,186.148.191.226:999,
81.177.142.19:1080,,186.159.20.210:8080,
82.76.64.2:4153,,186.225.113.242:8080,
82.103.116.126:4153,,186.248.89.6:5005,
82.117.204.174:5678,,187.19.102.22:3128,
82.130.202.219:43429,,187.102.209.132:999,
82.137.250.156:4145,,187.102.236.209:999,
82.139.187.93:4153,,187.216.90.46:53281,
82.207.20.247:5678,,187.216.93.20:55443,
82.207.56.202:4145,,187.243.250.197:3128,
83.0.108.65:4145,,188.133.138.197:8080,
83.143.24.29:5678,,188.133.152.247:1256,
83.147.153.226:4145,,188.133.158.51:1256,
83.166.226.72:5678,,188.133.158.80:1256,
83.168.84.130:4153,,188.138.11.39:5566,
83.171.112.77:3629,,188.138.11.48:5566,
83.220.234.102:5678,,188.138.89.29:5566,
83.234.76.155:4145,,188.138.89.50:5566,
83.234.206.200:51327,,188.138.90.226:5566,
84.1.106.217:4153,,188.138.106.93:5566,
84.2.233.239:4153,,188.138.106.133:5566,
84.36.228.133:5678,,188.138.106.158:5566,
84.51.56.123:4145,,189.84.216.34:3128,
84.232.247.54:1099,,189.193.254.10:999,
84.236.185.247:61710,,189.198.250.210:999,
84.247.222.69:4153,,190.2.214.90:999,
85.55.167.178:5678,,190.7.57.58:999,
85.92.165.225:4145,,190.8.39.182:8080,
85.112.95.42:4153,,190.13.84.172:8080,
85.113.7.98:5678,,190.14.249.119:999,
85.113.20.234:5678,,190.69.153.82:999,
85.114.19.210:4153,,190.71.50.58:8080,
85.117.56.146:4145,,190.90.83.225:999,
85.132.8.219:4153,,190.90.102.37:8080,
85.133.176.91:4145,,190.90.242.208:999,
85.135.95.218:4145,,190.104.1.19:999,
85.172.5.74:3629,,190.108.200.176:8080,
85.172.38.210:3629,,190.109.6.113:999,
85.172.66.254:1099,,190.109.6.121:999,
85.196.136.1:4153,,190.109.18.65:8080,
85.196.136.13:4153,,190.109.18.66:8080,
85.197.32.251:4153,,190.110.99.103:999,
85.198.244.100:3629,,190.110.99.107:999,
85.217.192.39:4145,,190.110.99.218:999,
85.228.41.4:4153,,190.113.40.21:999,
85.237.62.189:3629,,190.113.40.238:999,
86.101.187.193:4153,,190.113.42.73:999,
86.109.54.33:5678,,190.128.225.117:999,
86.110.189.118:42539,,190.152.5.17:39888,
86.111.144.10:4145,,190.171.168.90:999,
87.121.49.238:4145,,190.217.14.122:999,
87.225.90.179:44860,,190.247.249.121:8080,
87.249.212.26:4145,,191.97.9.189:999,
87.251.100.252:4153,,191.97.18.177:999,
87.255.4.21:4153,,191.97.19.18:999,
88.12.54.146:1081,,191.102.104.226:999,
88.80.119.169:1080,,191.102.107.234:999,
88.80.119.227:1080,,191.102.251.137:8085,
88.119.49.4:4153,,192.121.246.23:8118,
88.119.128.181:4145,,194.44.104.242:31280,
88.119.195.35:1080,,194.233.67.98:443,
88.119.204.62:4153,,194.233.69.90:443,
88.135.40.201:4153,,194.233.73.105:443,
88.135.41.34:5678,,195.39.233.18:8080,
88.135.44.130:4153,,195.178.33.86:8080,
88.199.82.68:54194,,195.178.56.35:8080,
88.199.163.83:4153,,195.211.219.147:5555,
88.204.247.214:4145,,197.248.83.89:6969,
88.255.65.100:10800,,197.248.184.157:53281,
88.255.102.114:1082,,200.13.154.41:8080,
89.22.17.62:43110,,200.24.130.37:8080,
89.25.23.212:4153,,200.24.157.116:999,
89.34.219.1:1080,,200.24.207.196:8080,
89.34.219.9:1080,,200.25.254.193:54240,
89.40.61.114:5678,,200.32.80.56:999,
89.42.108.254:5678,,200.37.187.210:999,
89.135.255.205:4153,,200.37.187.218:999,
89.151.134.157:3629,,200.37.199.190:999,
89.203.129.202:4153,,200.58.170.65:999,
89.203.149.28:1088,,200.60.12.43:999,
89.216.17.234:4153,,200.88.112.252:999,
89.218.5.109:50733,,200.111.182.6:443,
89.218.152.146:1080,,200.155.139.242:3128,
89.228.128.216:5678,,200.222.137.202:8080,
89.237.32.65:51549,,201.20.110.54:55443,
89.237.33.97:51549,,201.28.39.6:3128,
89.237.33.126:51549,,201.54.179.113:8080,
89.237.35.145:51549,,201.77.110.1:999,
89.249.247.212:4145,,201.87.241.90:5555,
89.250.144.79:4145,,201.88.213.118:8080,
90.181.150.211:4145,,201.89.89.34:8080,
91.83.42.1:44550,,201.91.82.155:3128,
91.93.143.2:4153,,201.182.85.242:999,
91.98.8.98:4145,,201.186.131.56:999,
91.103.31.147:39239,,201.220.102.146:8080,
91.109.199.102:50191,,202.4.116.243:8080,
91.193.252.112:57296,,202.29.237.210:3128,
91.196.229.12:1080,,202.29.243.36:8081,
91.197.135.132:4145,,202.43.72.203:8080,
91.201.240.84:5678,,202.57.2.19:8080,
91.202.79.10:3629,,202.62.10.51:8080,
91.202.133.37:4153,,202.63.243.226:8080,
91.205.129.154:36931,,202.138.249.241:8000,
91.210.47.85:30806,,202.142.158.114:8080,
91.210.176.104:1088,,202.164.152.229:8080,
91.213.119.246:46024,,202.169.252.190:8181,
91.214.130.253:61221,,202.169.252.238:8181,
91.216.66.70:47658,,202.180.54.211:8080,
91.222.147.56:5678,,203.112.209.194:8080,
91.223.32.102:4153,,204.199.113.29:999,
91.224.70.53:4153,,206.62.164.161:999,
91.230.199.174:10001,,207.180.250.93:1081,
91.238.55.86:7070,,212.46.230.102:6969,
92.42.8.21:4145,,212.92.204.54:80,
92.42.8.23:4153,,212.164.52.198:80,
92.45.19.35:5678,,212.174.44.87:8085,
92.45.19.44:1080,,213.6.227.38:45730,
92.51.89.126:44659,,213.74.163.178:1981,
92.51.92.213:4145,,213.81.218.225:8080,
92.84.56.10:47054,,213.226.11.149:41878,
92.204.40.40:44164,,217.21.214.138:8080,
92.207.253.226:4145,,218.86.87.171:31661,
92.242.221.168:5678,,218.238.214.45:8080,
92.242.255.36:31024,,221.145.101.63:4003,
92.255.185.6:4145,,222.184.7.206:48142,
93.64.244.34:1088,,,
93.81.255.31:36780,,,
93.87.74.222:4153,,,
93.91.146.30:34350,,,
93.105.40.62:51327,,,
93.113.101.85:5678,,,
93.116.254.90:1080,,,
93.117.72.27:55770,,,
93.150.57.242:1088,,,
93.159.189.154:4153,,,
93.171.224.61:4153,,,
93.175.194.154:3629,,,
93.182.76.244:5678,,,
93.184.151.48:5678,,,
94.20.21.6:4153,,,
94.21.243.229:4153,,,
94.26.108.67:2580,,,
94.28.14.70:4145,,,
94.136.157.73:60030,,,
94.136.157.89:60030,,,
94.136.157.114:60030,,,
94.136.157.121:60030,,,
94.154.16.106:5678,,,
94.180.129.236:4145,,,
94.198.51.155:59572,,,
94.228.192.197:3629,,,
94.228.192.233:39603,,,
94.247.241.70:51006,,,
95.0.37.74:4145,,,
95.9.194.13:30436,,,
95.43.42.100:4145,,,
95.48.193.246:1080,,,
95.70.220.173:4153,,,
95.71.125.50:60867,,,
95.80.182.76:5678,,,
95.111.91.50:10801,,,
95.128.142.76:1080,,,
95.129.144.31:5678,,,
95.154.104.147:31387,,,
95.158.139.61:10801,,,
95.161.188.246:61537,,,
95.169.213.76:4145,,,
95.174.111.220:3629,,,
95.189.104.181:5678,,,
96.9.94.108:1080,,,
96.38.232.108:34032,,,
96.68.106.185:34032,,,
98.103.88.147:46104,,,
98.162.25.16:4145,,,
98.162.25.23:4145,,,
98.162.96.41:4145,,,
98.162.96.52:4145,,,
98.170.57.231:4145,,,
98.175.31.195:4145,,,
98.188.47.132:4145,,,
98.188.47.150:4145,,,
101.51.106.70:39164,,,
101.51.121.3:4153,,,
101.51.121.29:4153,,,
101.51.121.203:4153,,,
101.51.138.9:4145,,,
101.95.182.26:5678,,,
101.96.123.20:1080,,,
101.99.52.10:5678,,,
101.109.176.162:4145,,,
101.109.251.42:4145,,,
102.23.128.1:5678,,,
102.36.157.235:11337,,,
102.36.209.185:5678,,,
102.38.50.62:4153,,,
102.38.50.65:4153,,,
102.65.89.16:4145,,,
102.66.141.99:5678,,,
102.66.225.102:5678,,,
102.69.146.168:5678,,,
102.132.76.29:5678,,,
102.141.91.245:5678,,,
102.164.216.62:1080,,,
102.176.160.70:5678,,,
102.176.162.24:5678,,,
102.176.180.6:4153,,,
102.176.180.22:4153,,,
102.176.180.62:4153,,,
102.219.33.110:1080,,,
103.1.105.10:4153,,,
103.3.77.194:5678,,,
103.5.62.37:4153,,,
103.5.63.210:40544,,,
103.5.63.214:40544,,,
103.5.127.132:5678,,,
103.6.184.222:36983,,,
103.6.207.6:4153,,,
103.6.207.246:4153,,,
103.6.207.250:4153,,,
103.8.59.9:4145,,,
103.10.59.73:4145,,,
103.12.114.58:4145,,,
103.12.160.85:61928,,,
103.12.246.49:4145,,,
103.12.246.105:4145,,,
103.12.246.109:4145,,,
103.12.246.185:4145,,,
103.14.251.23:4153,,,
103.15.245.238:4153,,,
103.23.101.30:4145,,,
103.23.237.75:5678,,,
103.24.21.1:5678,,,
103.25.45.38:4153,,,
103.25.46.2:4153,,,
103.25.120.138:44550,,,
103.28.84.59:34528,,,
103.38.101.243:5678,,,
103.38.205.17:5678,,,
103.43.5.145:5678,,,
103.43.5.153:5678,,,
103.47.93.113:1080,,,
103.47.93.199:1080,,,
103.47.93.217:1080,,,
103.47.93.244:1080,,,
103.47.216.19:4145,,,
103.48.183.113:4145,,,
103.51.44.41:4145,,,
103.51.44.253:4145,,,
103.51.45.9:4145,,,
103.52.252.18:5678,,,
103.53.112.227:5678,,,
103.59.190.2:56252,,,
103.59.203.65:4145,,,
103.59.203.229:4145,,,
103.60.138.2:4153,,,
103.60.186.21:52195,,,
103.61.198.118:4145,,,
103.66.69.74:4145,,,
103.66.177.17:32251,,,
103.68.3.236:4145,,,
103.70.204.1:59311,,,
103.70.206.65:59311,,,
103.70.206.129:59311,,,
103.70.206.193:59311,,,
103.71.53.231:4153,,,
103.76.190.37:31756,,,
103.78.27.36:4145,,,
103.78.27.43:4145,,,
103.78.27.49:4145,,,
103.78.27.55:4145,,,
103.78.27.57:4145,,,
103.78.54.10:4153,,,
103.79.96.166:4153,,,
103.79.112.62:5678,,,
103.80.210.174:5678,,,
103.81.117.122:4153,,,
103.81.156.25:9999,,,
103.82.233.2:1089,,,
103.83.252.61:1080,,,
103.84.39.86:3629,,,
103.84.39.101:30740,,,
103.85.67.94:4145,,,
103.85.103.13:5678,,,
103.85.103.25:5678,,,
103.86.1.2:4145,,,
103.86.194.204:5678,,,
103.86.194.210:5678,,,
103.86.194.214:5678,,,
103.87.44.157:5678,,,
103.87.86.146:4153,,,
103.88.221.194:46450,,,
103.89.62.21:4153,,,
103.89.62.85:4153,,,
103.94.8.53:5678,,,
103.95.97.54:4153,,,
103.97.111.179:5678,,,
103.97.111.216:5678,,,
103.99.110.222:5678,,,
103.102.142.98:4145,,,
103.102.144.244:5678,,,
103.103.143.63:5678,,,
103.106.219.14:5678,,,
103.107.92.1:44578,,,
103.107.94.2:44578,,,
103.108.243.238:5678,,,
103.109.56.97:1080,,,
103.109.59.77:1080,,,
103.109.59.193:1080,,,
103.109.196.49:5678,,,
103.111.22.26:58563,,,
103.111.160.41:5678,,,
103.113.3.236:4145,,,
103.113.25.50:12064,,,
103.113.25.50:24223,,,
103.114.0.3:4153,,,
103.114.98.206:5678,,,
103.115.164.33:5678,,,
103.115.255.145:36331,,,
103.116.202.241:5678,,,
103.116.203.244:40927,,,
103.116.203.245:40927,,,
103.117.232.222:4109,,,
103.120.202.53:5678,,,
103.121.42.13:5678,,,
103.121.195.12:61221,,,
103.123.86.156:5678,,,
103.124.136.77:4145,,,
103.124.137.251:1080,,,
103.127.23.10:5678,,,
103.127.57.32:5678,,,
103.127.63.57:5678,,,
103.130.172.194:5678,,,
103.131.8.27:5678,,,
103.134.38.102:1080,,,
103.135.225.204:4153,,,
103.139.246.166:5678,,,
103.140.189.94:5678,,,
103.140.234.78:5678,,,
103.141.148.62:5678,,,
103.143.84.72:44550,,,
103.144.18.95:80,,,
103.144.255.146:5678,,,
103.146.55.76:5678,,,
103.146.182.30:4145,,,
103.146.184.45:1080,,,
103.148.225.6:5678,,,
103.148.233.218:5678,,,
103.149.104.161:4153,,,
103.150.110.202:9969,,,
103.151.43.145:5678,,,
103.151.219.18:1080,,,
103.152.104.228:1080,,,
103.153.140.193:4153,,,
103.156.17.62:1080,,,
103.156.146.28:5678,,,
103.156.147.155:5678,,,
103.156.248.31:1080,,,
103.160.201.76:1080,,,
103.163.36.142:4145,,,
103.163.169.74:1080,,,
103.163.169.75:1080,,,
103.164.113.26:5678,,,
103.164.190.221:5430,,,
103.165.175.71:5678,,,
103.166.125.13:5678,,,
103.166.191.202:5678,,,
103.167.236.74:4145,,,
103.168.123.91:5678,,,
103.168.198.209:5678,,,
103.169.1.24:5678,,,
103.172.17.4:5678,,,
103.175.237.87:8080,,,
103.197.206.69:5678,,,
103.198.93.150:5678,,,
103.199.158.113:41610,,,
103.200.135.228:4145,,,
103.203.65.2:48685,,,
103.204.54.50:1080,,,
103.206.119.88:4145,,,
103.207.98.82:41238,,,
103.210.28.194:31433,,,
103.210.29.100:31433,,,
103.210.29.201:31433,,,
103.212.93.201:45639,,,
103.214.80.10:4153,,,
103.215.148.25:43928,,,
103.217.249.129:5678,,,
103.221.253.145:38247,,,
103.221.253.242:45446,,,
103.221.254.12:38247,,,
103.229.83.106:6789,,,
103.229.85.54:4145,,,
103.231.80.242:5678,,,
103.232.33.145:1080,,,
103.233.103.233:4153,,,
103.236.160.129:4145,,,
103.236.161.22:5430,,,
103.236.161.33:5430,,,
103.239.52.97:4153,,,
103.239.255.130:5678,,,
103.240.33.225:8291,,,
103.240.34.218:8291,,,
103.241.227.106:6667,,,
103.241.227.114:6667,,,
103.243.81.252:30384,,,
103.246.2.202:5678,,,
103.247.13.178:1080,,,
103.249.25.50:5678,,,
103.250.153.202:41889,,,
103.250.166.12:6667,,,
103.251.83.14:44550,,,
103.251.221.29:4145,,,
103.251.222.33:4145,,,
103.251.225.16:6667,,,
103.253.154.155:41762,,,
103.254.94.154:5678,,,
104.192.200.71:8899,,,
105.234.155.221:5678,,,
105.234.156.237:5678,,,
106.240.89.60:4145,,,
107.152.32.226:50626,,,
108.175.23.1:13135,,,
108.175.24.1:13135,,,
109.68.189.22:54643,,,
109.69.161.131:10801,,,
109.70.189.51:3629,,,
109.73.191.178:5678,,,
109.75.42.82:3629,,,
109.75.47.204:4153,,,
109.94.182.9:4145,,,
109.120.218.158:10801,,,
109.122.81.1:57553,,,
109.122.86.234:4153,,,
109.125.128.71:5678,,,
109.127.82.115:5678,,,
109.160.116.168:5678,,,
109.173.98.43:1080,,,
109.224.34.21:52015,,,
109.226.36.78:1080,,,
109.238.208.130:4153,,,
109.238.222.5:42401,,,
109.238.223.1:51372,,,
109.238.223.67:61150,,,
110.49.151.42:5678,,,
110.74.195.239:51080,,,
110.76.129.30:5678,,,
110.76.155.145:14153,,,
110.77.149.50:5678,,,
110.77.149.227:4153,,,
110.77.196.204:4145,,,
110.78.82.233:5678,,,
110.78.152.122:4145,,,
110.78.164.188:4153,,,
110.93.13.190:45034,,,
110.139.128.232:4145,,,
110.232.87.139:4153,,,
111.39.139.9:51080,,,
111.68.121.155:5678,,,
111.91.231.33:4153,,,
111.92.241.222:5678,,,
111.95.151.32:4153,,,
111.118.135.132:33260,,,
111.125.153.130:5678,,,
111.160.16.187:10800,,,
112.2.21.18:51080,,,
112.78.165.227:8089,,,
112.78.170.250:5678,,,
113.11.60.252:5678,,,
113.11.136.28:30993,,,
113.23.205.82:1080,,,
113.53.29.88:4145,,,
113.108.247.146:20086,,,
113.160.16.142:5678,,,
113.160.227.32:1080,,,
113.160.227.247:5678,,,
113.160.234.147:31797,,,
113.161.13.52:5678,,,
113.161.248.75:1080,,,
113.161.248.119:1080,,,
113.162.84.218:1080,,,
113.162.84.219:1080,,,
114.5.129.22:5678,,,
114.7.97.193:4145,,,
114.8.134.53:5678,,,
114.109.172.105:4145,,,
114.134.16.52:4145,,,
114.134.90.110:10800,,,
114.141.51.227:5678,,,
115.75.99.65:4153,,,
115.79.34.201:5678,,,
115.85.84.163:5678,,,
115.85.86.114:5678,,,
115.90.219.181:4145,,,
115.127.121.194:5678,,,
115.127.121.202:5678,,,
115.164.18.166:13629,,,
115.164.146.10:5678,,,
115.213.4.173:5678,,,
115.240.101.49:5678,,,
115.240.101.65:5678,,,
115.243.111.42:1088,,,
116.58.122.50:5678,,,
116.68.162.161:1080,,,
116.68.196.209:1080,,,
116.68.207.233:1080,,,
116.197.132.58:8291,,,
116.206.19.174:1080,,,
116.212.142.75:33427,,,
116.212.155.229:5678,,,
116.213.52.252:4145,,,
116.232.68.47:4145,,,
116.254.100.165:50536,,,
117.2.155.245:4153,,,
117.20.56.203:4145,,,
117.54.4.92:4673,,,
117.54.12.7:5678,,,
117.54.201.90:5678,,,
117.58.245.66:61393,,,
117.79.80.94:4145,,,
117.102.89.74:5678,,,
117.102.115.158:4153,,,
117.198.218.190:3629,,,
117.202.20.68:1088,,,
117.242.147.73:46152,,,
118.67.216.94:4145,,,
118.67.223.4:5678,,,
118.70.124.34:5678,,,
118.70.126.245:5678,,,
118.70.131.249:1080,,,
118.97.119.98:4153,,,
118.97.191.233:4153,,,
118.98.65.146:4153,,,
118.98.65.147:4153,,,
118.99.67.148:5678,,,
118.173.197.241:4145,,,
118.173.225.65:4153,,,
118.174.14.65:44336,,,
118.174.47.182:4145,,,
118.174.65.251:4145,,,
119.2.54.25:5678,,,
119.17.204.225:1080,,,
119.18.147.125:4145,,,
119.18.155.50:4145,,,
119.18.158.130:4153,,,
119.18.159.6:4145,,,
119.18.159.34:4145,,,
119.46.2.245:4145,,,
119.46.2.246:4145,,,
119.57.115.54:30622,,,
119.93.123.229:4145,,,
119.148.4.242:5678,,,
119.197.0.17:4145,,,
119.235.50.5:4145,,,
120.28.110.216:4145,,,
120.88.34.92:5678,,,
120.88.35.14:5678,,,
121.58.195.140:4145,,,
121.65.173.82:4145,,,
121.66.198.76:4145,,,
121.139.218.165:43295,,,
121.200.62.246:4153,,,
122.52.187.137:5678,,,
122.55.202.100:4145,,,
122.102.43.185:5678,,,
122.116.29.68:4145,,,
122.116.145.62:38157,,,
122.248.46.26:4145,,,
123.49.53.170:5678,,,
123.59.100.247:1080,,,
123.200.2.122:5678,,,
123.231.133.242:5678,,,
123.231.247.74:4153,,,
124.41.228.175:5678,,,
124.41.240.203:37704,,,
124.105.55.176:30906,,,
124.107.36.198:5678,,,
124.109.17.151:5678,,,
124.122.11.137:5678,,,
124.158.168.22:5678,,,
124.158.179.122:4145,,,
124.248.190.237:5678,,,
125.25.204.66:14153,,,
125.26.4.197:4145,,,
125.26.5.41:4153,,,
125.27.107.251:4153,,,
125.133.48.40:5678,,,
125.141.133.98:5566,,,
125.141.139.110:5566,,,
125.167.32.158:4153,,,
125.213.150.219:4145,,,
125.213.216.170:5678,,,
128.71.39.246:5678,,,
128.127.164.156:34564,,,
128.201.96.199:4145,,,
129.146.18.152:20000,,,
129.146.216.187:20000,,,
129.205.138.174:4145,,,
129.226.100.73:38453,,,
130.0.25.46:5678,,,
130.51.201.87:6789,,,
130.193.123.34:5678,,,
131.0.143.1:4145,,,
131.0.246.113:4153,,,
131.72.176.241:61221,,,
131.108.60.22:3629,,,
131.161.176.145:5678,,,
131.196.82.61:1080,,,
134.17.27.208:9080,,,
134.209.148.107:8080,,,
135.181.62.49:27095,,,
136.228.128.159:51327,,,
136.232.125.70:5678,,,
138.0.207.18:38328,,,
138.0.229.232:4153,,,
138.36.86.237:5678,,,
138.68.51.109:9050,,,
138.68.57.62:9050,,,
138.68.252.165:9050,,,
138.99.93.62:4145,,,
138.99.93.227:4145,,,
138.99.95.9:4145,,,
138.117.141.27:8888,,,
138.186.135.1:4153,,,
138.197.208.39:9050,,,
138.219.50.170:4145,,,
138.255.214.189:4145,,,
138.255.240.66:40736,,,
139.5.29.97:36983,,,
139.5.132.106:4153,,,
139.5.133.132:4145,,,
139.162.100.214:20601,,,
139.255.142.53:1080,,,
140.206.81.178:1080,,,
142.93.162.127:10764,,,
142.93.162.127:52178,,,
143.202.129.170:5678,,,
143.202.137.41:4153,,,
143.248.55.62:5566,,,
143.255.108.173:4153,,,
143.255.177.161:4153,,,
146.59.229.94:50719,,,
146.120.160.148:5678,,,
148.153.23.18:39593,,,
149.3.30.3:4153,,,
149.20.253.51:12551,,,
149.20.253.77:12551,,,
149.20.253.80:12551,,,
149.54.12.122:5678,,,
149.202.189.147:7132,,,
150.107.207.137:57230,,,
150.129.52.74:6667,,,
150.129.115.118:60416,,,
150.129.170.13:44502,,,
150.220.8.228:64312,,,
151.80.196.231:31596,,,
151.232.18.66:5678,,,
152.32.84.108:4153,,,
152.200.161.142:5678,,,
154.66.245.47:54925,,,
154.72.78.146:5678,,,
154.72.197.106:61423,,,
154.73.65.65:5678,,,
154.73.84.249:57932,,,
154.73.133.42:5678,,,
154.159.245.94:5678,,,
155.0.202.254:51327,,,
157.100.26.22:51327,,,
157.245.50.4:1080,,,
158.58.133.187:54266,,,
158.140.185.64:5678,,,
159.192.97.129:5678,,,
159.192.143.241:4153,,,
160.202.41.194:4153,,,
160.226.203.247:1080,,,
161.35.49.22:56112,,,
161.49.158.165:5678,,,
161.82.252.36:4153,,,
162.247.18.162:4153,,,
163.53.186.250:5678,,,
163.53.205.161:4153,,,
163.53.209.7:6667,,,
163.53.209.8:6667,,,
164.40.250.71:5678,,,
164.163.21.178:4153,,,
165.22.223.82:48624,,,
167.71.39.152:38343,,,
167.86.86.203:1080,,,
167.250.56.150:4153,,,
168.0.8.36:4153,,,
168.90.15.78:1080,,,
168.90.65.127:4153,,,
168.121.56.65:14880,,,
168.121.136.56:4145,,,
168.181.123.208:1080,,,
168.181.196.33:4145,,,
168.181.242.81:4145,,,
168.194.248.115:4153,,,
168.227.158.53:4145,,,
168.228.194.226:4145,,,
168.253.192.58:5678,,,
169.239.236.101:10801,,,
169.255.189.105:4145,,,
170.80.76.98:5678,,,
170.80.91.10:4145,,,
170.81.141.49:61437,,,
170.84.48.106:55731,,,
170.84.48.230:4145,,,
170.84.50.226:4153,,,
170.84.71.45:5678,,,
170.84.92.194:5678,,,
170.84.205.129:4153,,,
170.233.109.58:5678,,,
170.233.117.32:4153,,,
170.238.180.21:4145,,,
170.244.64.198:31476,,,
170.246.85.38:37163,,,
170.246.85.107:37163,,,
170.247.43.142:32812,,,
170.254.255.229:45816,,,
171.100.8.82:49181,,,
171.249.152.75:5678,,,
172.87.152.122:39593,,,
173.195.27.131:10091,,,
173.195.27.156:10091,,,
173.212.240.33:56304,,,
173.212.241.156:1080,,,
173.249.1.245:1080,,,
174.64.199.79:4145,,,
174.64.199.82:4145,,,
174.75.211.222:4145,,,
174.77.111.196:4145,,,
174.77.111.197:4145,,,
175.100.18.45:41575,,,
175.100.47.144:51080,,,
175.139.200.17:4153,,,
175.144.198.226:31694,,,
176.36.20.67:35356,,,
176.37.14.221:5678,,,
176.102.130.23:5678,,,
176.105.212.110:3629,,,
176.106.36.183:1080,,,
176.113.157.149:37417,,,
176.114.244.92:33722,,,
176.118.51.82:3629,,,
176.119.227.65:5678,,,
176.120.32.135:5678,,,
176.122.210.190:33555,,,
176.123.56.58:3629,,,
176.197.5.218:4153,,,
176.197.103.58:4145,,,
176.215.191.177:3629,,,
176.215.237.166:5678,,,
176.236.30.153:5678,,,
176.236.37.132:1080,,,
176.236.120.146:10820,,,
176.236.163.36:59311,,,
176.236.222.15:1080,,,
177.10.84.121:4145,,,
177.12.176.250:4153,,,
177.12.177.53:4153,,,
177.12.178.9:4153,,,
177.12.178.37:4153,,,
177.20.235.162:31222,,,
177.30.63.43:4153,,,
177.36.60.70:5516,,,
177.36.185.178:5678,,,
177.36.185.179:5678,,,
177.36.203.121:5678,,,
177.36.221.37:5678,,,
177.38.5.8:4153,,,
177.52.26.234:4145,,,
177.54.195.48:4145,,,
177.54.224.222:33633,,,
177.64.119.132:5678,,,
177.66.59.130:4153,,,
177.72.6.18:4145,,,
177.72.82.9:5678,,,
177.72.112.169:31164,,,
177.72.112.249:31164,,,
177.73.248.38:55290,,,
177.74.136.6:5678,,,
177.80.38.207:4153,,,
177.84.143.78:4153,,,
177.85.53.29:5678,,,
177.86.64.245:3629,,,
177.86.182.59:4153,,,
177.87.230.29:43573,,,
177.87.230.31:43573,,,
177.91.101.229:5678,,,
177.91.126.125:5678,,,
177.93.76.6:4145,,,
177.93.77.2:4145,,,
177.93.77.10:4153,,,
177.93.165.47:4673,,,
177.99.225.91:4153,,,
177.101.135.84:5678,,,
177.101.228.50:4153,,,
177.104.87.23:5678,,,
177.105.68.94:4153,,,
177.105.68.120:4153,,,
177.124.64.145:5678,,,
177.124.211.250:4153,,,
177.124.217.185:43907,,,
177.125.205.101:4145,,,
177.129.63.142:4153,,,
177.131.16.66:4153,,,
177.131.29.210:4153,,,
177.136.34.26:4153,,,
177.137.193.71:4153,,,
177.140.141.9:59341,,,
177.184.67.61:4145,,,
177.184.67.93:4145,,,
177.184.72.22:4145,,,
177.200.95.187:5678,,,
177.203.48.179:4145,,,
177.207.192.137:4145,,,
177.220.243.130:4153,,,
177.222.44.202:4153,,,
177.223.48.126:52104,,,
177.223.58.68:48733,,,
177.223.63.26:52104,,,
177.235.99.234:4145,,,
178.22.123.85:1080,,,
178.33.13.227:48354,,,
178.33.192.51:25201,,,
178.35.252.242:3629,,,
178.48.68.61:4145,,,
178.132.4.53:443,,,
178.134.71.138:37590,,,
178.140.24.253:4153,,,
178.151.205.154:38421,,,
178.168.91.178:5678,,,
178.168.114.177:5678,,,
178.205.108.200:1080,,,
178.205.251.134:4153,,,
178.212.48.16:1080,,,
178.212.48.17:1080,,,
178.212.48.70:1080,,,
178.212.48.71:1080,,,
178.212.49.64:1080,,,
178.212.54.137:5678,,,
178.212.65.61:3629,,,
178.212.199.95:1099,,,
178.217.40.208:4145,,,
178.219.247.61:3629,,,
178.252.199.46:4153,,,
178.254.141.94:1080,,,
178.254.143.29:1080,,,
179.49.115.9:8587,,,
179.96.241.191:4153,,,
179.108.57.153:4153,,,
179.108.158.204:4145,,,
179.111.216.102:3629,,,
179.127.193.18:4145,,,
179.189.244.226:51327,,,
180.92.212.200:5678,,,
180.94.64.101:5678,,,
180.94.64.114:5678,,,
180.175.119.216:4145,,,
180.180.171.113:4145,,,
180.180.216.90:5678,,,
180.210.222.229:1080,,,
180.210.222.237:1080,,,
180.210.222.241:1080,,,
180.211.158.90:5678,,,
180.211.248.25:1080,,,
181.15.154.156:52033,,,
181.16.214.8:11337,,,
181.41.247.185:4153,,,
181.45.253.22:5678,,,
181.48.63.206:4153,,,
181.48.107.93:4153,,,
181.49.212.122:5678,,,
181.78.24.30:5678,,,
181.94.246.125:4153,,,
181.111.175.234:4153,,,
181.113.0.38:5678,,,
181.115.152.114:4153,,,
181.115.232.158:4153,,,
181.129.52.154:44665,,,
181.129.181.98:5678,,,
181.129.181.101:5678,,,
181.129.181.102:5678,,,
181.143.69.227:5678,,,
181.143.163.190:4153,,,
181.143.204.98:5678,,,
181.168.93.14:4153,,,
181.170.79.55:4153,,,
181.188.175.193:4153,,,
181.188.188.131:5678,,,
181.189.231.46:5678,,,
181.198.111.122:5678,,,
181.204.2.242:5678,,,
181.204.5.162:5678,,,
181.209.82.154:14888,,,
181.209.86.171:58682,,,
181.209.219.28:4153,,,
181.225.65.106:4145,,,
181.229.25.40:5678,,,
181.230.24.15:4153,,,
182.16.166.166:5678,,,
182.16.171.42:51459,,,
182.23.108.163:4153,,,
182.23.108.164:4153,,,
182.48.70.145:38440,,,
182.50.254.89:1085,,,
182.52.63.95:4153,,,
182.52.67.122:36378,,,
182.53.197.156:43574,,,
182.75.132.106:5678,,,
182.76.42.10:5678,,,
182.93.69.74:5678,,,
182.93.85.49:5678,,,
182.151.7.38:5678,,,
182.160.121.99:10800,,,
182.160.127.53:48744,,,
182.176.104.26:5678,,,
182.253.62.202:4153,,,
182.253.93.4:4145,,,
182.253.105.42:4145,,,
182.253.106.13:4145,,,
182.253.106.14:4145,,,
182.253.155.36:5678,,,
182.253.159.32:5678,,,
183.88.219.206:34676,,,
183.89.11.68:4153,,,
183.89.249.192:4153,,,
183.251.50.152:4145,,,
184.105.133.1:48324,,,
184.105.134.166:48324,,,
184.178.172.3:4145,,,
184.178.172.11:4145,,,
184.178.172.14:4145,,,
184.178.172.17:4145,,,
184.178.172.23:4145,,,
184.181.217.194:4145,,,
184.181.217.201:4145,,,
184.181.217.206:4145,,,
184.181.217.210:4145,,,
184.181.217.213:4145,,,
184.181.217.220:4145,,,
184.185.2.190:4145,,,
185.8.157.206:4153,,,
185.12.68.163:51626,,,
185.18.72.249:4153,,,
185.20.25.142:42815,,,
185.20.26.41:43051,,,
185.26.54.189:50234,,,
185.32.44.173:4153,,,
185.32.44.219:4153,,,
185.32.181.68:4153,,,
185.39.183.27:33755,,,
185.43.189.182:3629,,,
185.46.170.253:4145,,,
185.49.107.43:5678,,,
185.49.170.20:33626,,,
185.51.92.84:51327,,,
185.51.92.108:51327,,,
185.53.146.27:5678,,,
185.56.180.14:5678,,,
185.56.246.76:8291,,,
185.66.57.190:42647,,,
185.82.98.73:5678,,,
185.89.65.165:33744,,,
185.89.65.170:33744,,,
185.89.180.151:4145,,,
185.94.218.57:44421,,,
185.97.121.197:4153,,,
185.97.132.88:5678,,,
185.108.164.211:58154,,,
185.122.144.144:4153,,,
185.129.57.131:4153,,,
185.132.1.221:4145,,,
185.139.56.133:4145,,,
185.145.145.5:4153,,,
185.161.186.82:54321,,,
185.164.104.128:11337,,,
185.169.181.26:4145,,,
185.170.237.94:4153,,,
185.171.52.101:4153,,,
185.171.54.34:4153,,,
185.171.55.218:4153,,,
185.178.220.126:32000,,,
185.179.132.152:1080,,,
185.186.17.57:5678,,,
185.188.218.14:4145,,,
185.189.186.19:1080,,,
185.189.208.147:4153,,,
185.190.90.2:4145,,,
185.196.176.77:4145,,,
185.200.38.53:10820,,,
185.201.50.50:9999,,,
185.203.169.220:1080,,,
185.206.80.227:10801,,,
185.216.18.138:44550,,,
185.230.105.146:4145,,,
185.235.141.244:4153,,,
185.252.41.13:5678,,,
185.252.41.37:5678,,,
185.253.103.211:4153,,,
186.1.181.62:4153,,,
186.1.206.158:1080,,,
186.84.174.228:1080,,,
186.87.179.54:5678,,,
186.97.236.242:5678,,,
186.97.238.11:4153,,,
186.121.214.250:5678,,,
186.138.40.252:4145,,,
186.148.189.235:4145,,,
186.194.234.18:4153,,,
186.201.31.189:4145,,,
186.208.65.114:4153,,,
186.208.68.26:4153,,,
186.219.96.12:52017,,,
186.219.96.225:52017,,,
186.225.36.122:5678,,,
186.226.188.245:4153,,,
186.233.59.88:4145,,,
186.251.255.105:31337,,,
187.11.232.71:4153,,,
187.32.20.249:5678,,,
187.44.1.248:5678,,,
187.44.146.2:32139,,,
187.44.167.78:47074,,,
187.49.207.65:4153,,,
187.62.88.8:4153,,,
187.62.191.3:33428,,,
187.63.229.164:4153,,,
187.72.172.109:5678,,,
187.84.191.25:38392,,,
187.84.191.129:38392,,,
187.84.191.145:38392,,,
187.86.129.132:63253,,,
187.95.80.137:3629,,,
187.95.136.74:5678,,,
187.115.160.253:3629,,,
187.141.129.86:4153,,,
187.177.30.154:4145,,,
187.243.253.182:43015,,,
187.252.154.90:4153,,,
188.18.10.140:5678,,,
188.26.5.254:4145,,,
188.95.20.138:5678,,,
188.133.160.22:4145,,,
188.138.215.115:5678,,,
188.163.170.130:35578,,,
188.165.119.206:1234,,,
188.170.237.214:3629,,,
188.235.34.146:1080,,,
188.246.239.42:5678,,,
189.2.86.163:4153,,,
189.2.127.244:4153,,,
189.3.54.50:4145,,,
189.16.7.2:4153,,,
189.22.78.34:4153,,,
189.51.116.5:4145,,,
189.89.168.132:4145,,,
189.90.63.122:4153,,,
189.121.227.30:5678,,,
189.201.187.3:4145,,,
189.201.189.2:4145,,,
189.201.191.18:4145,,,
190.2.210.123:5678,,,
190.4.0.246:53916,,,
190.4.205.226:4153,,,
190.12.30.162:4153,,,
190.13.136.85:4153,,,
190.14.155.198:5678,,,
190.14.229.242:5678,,,
190.55.254.234:4153,,,
190.61.61.70:5678,,,
190.61.85.235:4153,,,
190.61.85.237:4153,,,
190.69.24.18:5678,,,
190.84.31.74:4673,,,
190.85.181.210:4145,,,
190.85.212.170:5678,,,
190.89.89.157:4153,,,
190.92.72.242:5678,,,
190.93.210.134:5678,,,
190.103.28.76:4145,,,
190.103.240.57:4153,,,
190.109.196.41:53916,,,
190.110.180.136:4153,,,
190.113.51.254:5678,,,
190.116.175.90:5678,,,
190.119.235.210:4153,,,
190.120.249.149:4145,,,
190.120.250.138:4145,,,
190.120.252.113:4145,,,
190.144.167.178:5678,,,
190.145.173.202:5678,,,
190.146.60.76:5678,,,
190.152.151.110:4673,,,
190.180.35.146:5678,,,
190.181.23.10:4153,,,
190.182.127.178:4153,,,
190.184.144.222:5678,,,
190.186.56.242:5678,,,
190.186.216.196:5678,,,
190.194.90.29:4153,,,
190.205.32.146:5678,,,
190.205.100.129:5678,,,
190.210.93.9:4153,,,
190.216.56.1:4153,,,
190.217.58.90:5678,,,
190.220.17.34:44253,,,
190.221.152.130:56142,,,
190.221.161.186:4153,,,
190.227.160.24:1080,,,
190.253.241.254:5678,,,
191.5.205.164:5678,,,
191.6.133.20:4145,,,
191.6.135.94:4145,,,
191.98.196.15:5678,,,
191.102.82.83:4153,,,
191.180.206.74:4153,,,
191.183.77.33:5678,,,
191.209.27.5:5678,,,
191.241.145.111:4153,,,
191.242.241.14:5678,,,
191.253.198.205:5678,,,
192.12.112.78:4145,,,
192.81.224.241:33140,,,
192.99.38.64:1080,,,
192.111.130.2:4145,,,
192.111.130.5:17002,,,
192.111.135.18:18301,,,
192.111.137.34:18765,,,
192.111.137.37:18762,,,
192.111.138.29:4145,,,
192.111.139.163:19404,,,
192.111.139.165:19402,,,
192.111.139.165:4145,,,
192.139.192.29:4153,,,
192.145.205.74:4145,,,
192.158.15.201:50877,,,
192.159.39.30:3629,,,
192.162.154.19:5678,,,
192.162.193.243:54313,,,
192.171.119.166:53149,,,
192.248.191.181:38088,,,
192.249.127.96:9999,,,
192.252.208.67:14287,,,
192.252.208.70:14282,,,
192.252.209.155:14455,,,
192.252.214.20:15864,,,
192.252.215.5:16137,,,
192.252.220.92:17328,,,
193.16.247.16:4153,,,
193.34.161.137:44436,,,
193.84.184.25:5678,,,
193.106.130.35:5678,,,
193.106.231.145:4145,,,
193.107.169.222:5678,,,
193.111.223.200:51327,,,
193.158.12.138:4153,,,
193.162.105.112:5678,,,
193.193.240.37:48785,,,
194.28.91.10:5678,,,
194.33.105.66:5678,,,
194.38.3.242:5678,,,
194.44.74.118:1080,,,
194.44.216.110:1088,,,
194.60.87.97:36193,,,
194.146.110.228:1080,,,
194.147.167.234:1080,,,
194.213.43.166:59316,,,
195.22.221.210:4145,,,
195.64.235.233:4153,,,
195.81.66.65:4145,,,
195.135.215.206:4153,,,
195.138.73.54:31145,,,
195.158.8.68:1090,,,
195.158.106.190:4145,,,
195.158.223.131:4153,,,
195.158.223.132:4153,,,
195.158.233.67:5678,,,
195.175.42.18:4153,,,
195.175.73.214:5678,,,
195.200.245.179:1080,,,
195.206.34.215:40674,,,
195.225.49.136:55774,,,
195.226.105.219:4153,,,
195.235.97.154:3000,,,
195.242.125.189:1080,,,
196.0.28.4:5678,,,
196.25.43.30:5678,,,
196.25.175.30:5678,,,
196.27.105.130:4153,,,
196.41.102.130:60216,,,
196.251.41.33:5678,,,
197.95.191.133:44550,,,
197.214.10.30:5678,,,
197.221.90.54:56810,,,
197.232.21.22:58253,,,
197.232.253.210:5678,,,
197.235.12.130:4145,,,
197.250.15.87:5678,,,
197.255.50.70:5678,,,
197.255.55.122:5678,,,
197.255.254.153:5678,,,
198.8.94.170:4145,,,
198.8.94.170:39074,,,
198.8.94.174:39078,,,
200.0.247.83:4153,,,
200.0.247.85:4153,,,
200.3.173.140:5678,,,
200.8.18.194:443,,,
200.10.73.210:5678,,,
200.11.136.121:5678,,,
200.11.140.62:5678,,,
200.24.255.93:49271,,,
200.27.18.138:40210,,,
200.29.109.112:14888,,,
200.32.105.86:4153,,,
200.41.182.243:4145,,,
200.43.231.4:4153,,,
200.46.30.210:4153,,,
200.58.76.160:5678,,,
200.58.181.218:4153,,,
200.69.252.33:4153,,,
200.70.34.22:4153,,,
200.71.97.1:80,,,
200.80.227.234:4145,,,
200.85.183.38:4145,,,
200.105.192.6:5678,,,
200.109.66.90:4153,,,
200.110.176.121:4145,,,
200.115.157.211:4145,,,
200.116.198.177:32072,,,
200.118.122.6:4153,,,
200.148.157.3:4153,,,
200.149.244.202:4145,,,
200.163.135.52:4153,,,
200.174.228.183:4153,,,
200.241.228.226:4153,,,
201.13.147.161:5678,,,
201.18.91.34:4153,,,
201.20.84.157:5678,,,
201.48.62.65:4145,,,
201.72.24.46:4153,,,
201.139.127.6:1080,,,
201.140.238.230:5678,,,
201.144.20.231:5678,,,
201.157.254.129:4145,,,
201.158.120.34:4153,,,
201.158.120.44:45504,,,
201.174.73.70:11337,,,
201.184.152.138:44742,,,
201.190.210.73:4153,,,
201.217.55.97:43110,,,
201.220.85.22:5678,,,
201.220.128.93:3000,,,
201.234.24.1:4153,,,
201.236.177.242:5373,,,
201.236.185.14:5678,,,
201.236.255.97:5678,,,
201.251.155.253:5678,,,
202.4.107.69:5678,,,
202.5.36.215:4145,,,
202.5.54.70:4145,,,
202.6.224.51:1080,,,
202.21.112.172:1080,,,
202.21.113.86:4153,,,
202.21.115.94:44574,,,
202.21.115.202:4153,,,
202.29.231.46:61507,,,
202.29.245.46:32241,,,
202.40.188.201:4145,,,
202.43.73.121:4145,,,
202.43.112.34:4145,,,
202.51.123.107:5678,,,
202.51.178.57:5678,,,
202.53.172.76:5678,,,
202.56.164.174:5678,,,
202.57.37.197:35846,,,
202.58.199.229:5678,,,
202.59.133.62:5678,,,
202.59.173.203:1080,,,
202.62.11.10:5678,,,
202.62.47.129:5678,,,
202.70.84.201:4153,,,
202.72.209.3:44550,,,
202.79.20.67:5678,,,
202.84.46.107:4153,,,
202.129.52.173:4153,,,
202.131.233.187:5678,,,
202.131.242.190:5678,,,
202.133.0.37:4153,,,
202.137.114.3:5678,,,
202.138.239.120:62102,,,
202.141.242.3:55544,,,
202.148.12.90:51302,,,
202.148.26.122:5678,,,
202.158.49.141:39172,,,
202.159.121.145:443,,,
202.164.194.41:4145,,,
202.164.211.25:4153,,,
202.164.214.10:4153,,,
202.165.32.65:5678,,,
202.165.38.57:5678,,,
202.165.45.113:5678,,,
202.166.198.235:4153,,,
202.166.206.59:5678,,,
202.169.49.218:5678,,,
202.169.246.55:4145,,,
202.179.184.34:5430,,,
202.179.184.46:5430,,,
202.182.59.188:1089,,,
203.23.49.150:5678,,,
203.76.112.68:5678,,,
203.77.239.201:4153,,,
203.81.95.70:4153,,,
203.98.76.64:5678,,,
203.109.200.68:5678,,,
203.115.123.163:9999,,,
203.121.203.74:5678,,,
203.128.67.130:4145,,,
203.128.67.131:4145,,,
203.150.132.42:14153,,,
203.150.136.34:3629,,,
203.153.109.150:49947,,,
203.153.113.238:5678,,,
203.160.57.87:5678,,,
203.176.134.228:4153,,,
203.189.154.151:1080,,,
203.202.253.186:58309,,,
203.205.29.108:5678,,,
205.177.85.130:39593,,,
206.42.36.67:4153,,,
206.126.57.190:5678,,,
206.192.226.90:39593,,,
207.241.178.137:8899,,,
208.75.105.153:5678,,,
209.13.96.163:39921,,,
209.198.43.57:5678,,,
210.56.245.10:4145,,,
210.61.216.66:33990,,,
210.210.144.99:1081,,,
210.212.65.230:1080,,,
210.212.68.213:34115,,,
210.245.51.20:4145,,,
210.245.51.23:4145,,,
210.245.52.62:5678,,,
211.21.125.32:4153,,,
211.174.110.215:4153,,,
212.3.146.80:3629,,,
212.5.159.2:10801,,,
212.33.240.140:4145,,,
212.34.116.41:4145,,,
212.38.189.118:25438,,,
212.98.147.58:4153,,,
212.98.155.194:5678,,,
212.112.113.108:5678,,,
212.112.115.19:12872,,,
212.115.248.78:5451,,,
212.119.190.214:1090,,,
212.152.35.236:3629,,,
212.174.44.29:1080,,,
212.225.227.97:4153,,,
213.6.17.2:4145,,,
213.6.33.110:4145,,,
213.6.66.66:57391,,,
213.6.210.50:4153,,,
213.6.227.38:34081,,,
213.7.196.26:4153,,,
213.14.31.122:35314,,,
213.14.49.133:5678,,,
213.16.81.147:5678,,,
213.32.252.134:5678,,,
213.87.103.45:4153,,,
213.96.31.253:4145,,,
213.189.217.243:1081,,,
213.222.34.200:4145,,,
216.105.130.33:39593,,,
216.218.240.46:48324,,,
216.222.162.3:39593,,,
217.21.217.105:4153,,,
217.27.149.190:4153,,,
217.29.18.206:4145,,,
217.115.213.187:4145,,,
217.117.142.18:3629,,,
217.117.142.25:3629,,,
217.145.199.112:56284,,,
217.219.91.152:4153,,,
218.19.140.51:5678,,,
218.24.16.198:36180,,,
218.26.101.226:53813,,,
218.76.3.35:4153,,,
220.135.2.247:59171,,,
220.196.56.47:1080,,,
220.249.195.130:1080,,,
221.121.12.238:47012,,,
221.181.174.14:4153,,,
221.224.140.140:51080,,,
221.224.213.158:1080,,,
222.92.207.102:40086,,,
222.124.130.196:4145,,,
222.124.135.123:5678,,,
222.165.223.138:41541,,,
223.25.101.86:5678,,,
